"Status","Start Time","Stop Time","Duration in ms","Parent Suite","Suite","Sub Suite","Test Class","Test Method","Name","Description"
"passed","Mon Apr 03 19:49:20 UTC 2023","Mon Apr 03 19:49:20 UTC 2023","163","","","","","","Call current weather data for one location",""
"passed","Mon Apr 03 19:49:23 UTC 2023","Mon Apr 03 19:49:23 UTC 2023","131","","","","","","Call current weather data for one location",""
"passed","Mon Apr 03 19:49:18 UTC 2023","Mon Apr 03 19:49:18 UTC 2023","165","","","","","","Call current weather data for one location",""
"passed","Mon Apr 03 19:49:22 UTC 2023","Mon Apr 03 19:49:23 UTC 2023","115","","","","","","Call current weather data for one location",""
"failed","Mon Apr 03 19:49:19 UTC 2023","Mon Apr 03 19:49:19 UTC 2023","124","","","","","","Call current weather data for one location",""
"passed","Mon Apr 03 19:49:23 UTC 2023","Mon Apr 03 19:49:23 UTC 2023","162","","","","","","Call current weather data for one location",""
"passed","Mon Apr 03 19:49:24 UTC 2023","Mon Apr 03 19:49:25 UTC 2023","115","","","","","","Call current weather data for one location",""
"passed","Mon Apr 03 19:49:24 UTC 2023","Mon Apr 03 19:49:24 UTC 2023","115","","","","","","Call current weather data for one location",""
"passed","Mon Apr 03 19:49:22 UTC 2023","Mon Apr 03 19:49:22 UTC 2023","164","","","","","","Call current weather data for one location",""
"passed","Mon Apr 03 19:49:16 UTC 2023","Mon Apr 03 19:49:17 UTC 2023","375","","","","","","Call current weather data for one location",""
"passed","Mon Apr 03 19:49:15 UTC 2023","Mon Apr 03 19:49:16 UTC 2023","900","","","","","","Call current weather data for one location",""
"passed","Mon Apr 03 19:49:24 UTC 2023","Mon Apr 03 19:49:24 UTC 2023","146","","","","","","Call current weather data for one location",""
"passed","Mon Apr 03 19:49:19 UTC 2023","Mon Apr 03 19:49:19 UTC 2023","116","","","","","","Call current weather data for one location",""
"passed","Mon Apr 03 19:49:21 UTC 2023","Mon Apr 03 19:49:21 UTC 2023","116","","","","","","Call current weather data for one location",""
"passed","Mon Apr 03 19:49:23 UTC 2023","Mon Apr 03 19:49:23 UTC 2023","116","","","","","","Call current weather data for one location",""
"passed","Mon Apr 03 19:49:23 UTC 2023","Mon Apr 03 19:49:24 UTC 2023","114","","","","","","Call current weather data for one location",""
"passed","Mon Apr 03 19:49:24 UTC 2023","Mon Apr 03 19:49:24 UTC 2023","131","","","","","","Call current weather data for one location",""
"passed","Mon Apr 03 19:49:17 UTC 2023","Mon Apr 03 19:49:17 UTC 2023","150","","","","","","Call current weather data for one location",""
"passed","Mon Apr 03 19:49:24 UTC 2023","Mon Apr 03 19:49:24 UTC 2023","132","","","","","","Call current weather data for one location",""
"passed","Mon Apr 03 19:49:25 UTC 2023","Mon Apr 03 19:49:25 UTC 2023","130","","","","","","Call current weather data for one location",""
"passed","Mon Apr 03 19:49:22 UTC 2023","Mon Apr 03 19:49:22 UTC 2023","151","","","","","","Call current weather data for one location",""
"passed","Mon Apr 03 19:49:19 UTC 2023","Mon Apr 03 19:49:19 UTC 2023","100","","","","","","Call current weather data for one location",""
"passed","Mon Apr 03 19:49:18 UTC 2023","Mon Apr 03 19:49:19 UTC 2023","137","","","","","","Call current weather data for one location",""
"passed","Mon Apr 03 19:49:20 UTC 2023","Mon Apr 03 19:49:20 UTC 2023","115","","","","","","Call current weather data for one location",""
"passed","Mon Apr 03 19:49:17 UTC 2023","Mon Apr 03 19:49:17 UTC 2023","119","","","","","","Call current weather data for one location",""
"passed","Mon Apr 03 19:49:21 UTC 2023","Mon Apr 03 19:49:21 UTC 2023","116","","","","","","Call current weather data for one location",""
"passed","Mon Apr 03 19:49:20 UTC 2023","Mon Apr 03 19:49:20 UTC 2023","334","","","","","","Call current weather data for one location",""
"passed","Mon Apr 03 19:49:19 UTC 2023","Mon Apr 03 19:49:19 UTC 2023","115","","","","","","Call current weather data for one location",""
"passed","Mon Apr 03 19:49:25 UTC 2023","Mon Apr 03 19:49:25 UTC 2023","130","","","","","","Call current weather data for one location",""
"passed","Mon Apr 03 19:49:17 UTC 2023","Mon Apr 03 19:49:17 UTC 2023","137","","","","","","Call current weather data for one location",""
"passed","Mon Apr 03 19:49:22 UTC 2023","Mon Apr 03 19:49:22 UTC 2023","131","","","","","","Call current weather data for one location",""
"passed","Mon Apr 03 19:49:21 UTC 2023","Mon Apr 03 19:49:21 UTC 2023","132","","","","","","Call current weather data for one location",""
"passed","Mon Apr 03 19:49:19 UTC 2023","Mon Apr 03 19:49:19 UTC 2023","217","","","","","","Call current weather data for one location",""
"passed","Mon Apr 03 19:49:15 UTC 2023","Mon Apr 03 19:49:15 UTC 2023","261","","","","","","Call current weather data for one location",""
"passed","Mon Apr 03 19:49:19 UTC 2023","Mon Apr 03 19:49:19 UTC 2023","133","","","","","","Call current weather data for one location",""
"passed","Mon Apr 03 19:49:17 UTC 2023","Mon Apr 03 19:49:17 UTC 2023","118","","","","","","Call current weather data for one location",""
"passed","Mon Apr 03 19:49:17 UTC 2023","Mon Apr 03 19:49:18 UTC 2023","322","","","","","","Call current weather data for one location",""
"passed","Mon Apr 03 19:49:18 UTC 2023","Mon Apr 03 19:49:18 UTC 2023","163","","","","","","Call current weather data for one location",""
"passed","Mon Apr 03 19:49:17 UTC 2023","Mon Apr 03 19:49:17 UTC 2023","180","","","","","","Call current weather data for one location",""
"failed","Mon Apr 03 19:49:25 UTC 2023","Mon Apr 03 19:49:25 UTC 2023","116","","","","","","Call current weather data for one location",""
"passed","Mon Apr 03 19:49:20 UTC 2023","Mon Apr 03 19:49:20 UTC 2023","130","","","","","","Call current weather data for one location",""
"passed","Mon Apr 03 19:49:23 UTC 2023","Mon Apr 03 19:49:23 UTC 2023","336","","","","","","Call current weather data for one location",""
"passed","Mon Apr 03 19:49:21 UTC 2023","Mon Apr 03 19:49:21 UTC 2023","351","","","","","","Call current weather data for one location",""
"passed","Mon Apr 03 19:49:16 UTC 2023","Mon Apr 03 19:49:16 UTC 2023","119","","","","","","Call current weather data for one location",""
"passed","Mon Apr 03 19:49:18 UTC 2023","Mon Apr 03 19:49:18 UTC 2023","178","","","","","","Call current weather data for one location",""
"passed","Mon Apr 03 19:49:22 UTC 2023","Mon Apr 03 19:49:22 UTC 2023","271","","","","","","Call current weather data for one location",""
"passed","Mon Apr 03 19:49:20 UTC 2023","Mon Apr 03 19:49:20 UTC 2023","132","","","","","","Call current weather data for one location",""
"passed","Mon Apr 03 19:49:24 UTC 2023","Mon Apr 03 19:49:24 UTC 2023","319","","","","","","Call current weather data for one location",""
"passed","Mon Apr 03 19:49:17 UTC 2023","Mon Apr 03 19:49:17 UTC 2023","132","","","","","","Call current weather data for one location",""
"passed","Mon Apr 03 19:49:21 UTC 2023","Mon Apr 03 19:49:21 UTC 2023","116","","","","","","Call current weather data for one location",""
"passed","Mon Apr 03 19:49:21 UTC 2023","Mon Apr 03 19:49:22 UTC 2023","115","","","","","","Call current weather data for one location",""
